{
    "$schema": "https://schema.management.azure.com/schemas/2019-04-01/deploymentParameters.json#",
    "contentVersion": "1.0.0.0",
    "parameters": {
        "pwd": {
	        "reference": {
	          "keyVault": {
	          "id": "/subscriptions/a197e0f2-5347-466d-8ca0-38ebfaef17ad/resourceGroups/15884-eastus2-devops-rg/providers/Microsoft.KeyVault/vaults/devops-kv-15884"
	          },
	          "secretName": "adminsqlmipass"
	        }
      },
      "snet": {
        "value": "/subscriptions/a197e0f2-5347-466d-8ca0-38ebfaef17ad/resourceGroups/ccfmax-eastus2-nprd-rg/providers/Microsoft.Network/virtualNetworks/eastus2-15884-nprd-vnet-02/subnets/eastus2-15884-nprd-vnet-02-db-snet-02"
      }
    }
  }

