{
    "$schema": "https://schema.management.azure.com/schemas/2019-04-01/deploymentTemplate.json#",
	"contentVersion": "1.0.0.1",
    "parameters": {
         "pwd": {
           "type": "securestring"
      },
        "snet": {
	            "type": "string"
        }
    }
    ,
    "resources": [
        {
            "type": "Microsoft.Sql/managedInstances",
            "apiVersion": "2020-02-02-preview",
            "name": "ccfmax-eastus2-prod-sqldbmi",
            "location": "eastus2",
            "tags": {
                "created_by": "ak063q@att.com",
                "Purpose": "SQL MI Database",
                "auto_fix": "yes",
                "automated_by": "15884-CCF-MAX-SP-PROD-ADO",
                "contact_dl": "CCF-ASLA_Alerts@list.att.com",
                "env": "PROD",
                "mots_id": "15884"
            },
            "sku": {
                "name": "GP_Gen5",
                "tier": "GeneralPurpose",
                "family": "Gen5",
                "capacity": 4
            },
            "identity": {
                "principalId": "",
                "tenantId": "",
                "type": "SystemAssigned"
            },
            "properties": {
                "administratorLogin": "sqlmiadmin",
                "administratorLoginPassword": "[parameters('pwd')]",
                "subnetId": "[parameters('snet')]",
                "licenseType": "LicenseIncluded",
                "vCores": 4,
                "storageSizeInGB": 64,
                "collation": "SQL_Latin1_General_CP1_CI_AS",
                "publicDataEndpointEnabled": false,
                "proxyOverride": "Proxy",
                "timezoneId": "UTC",
                "minimalTlsVersion": "1.2",
                "storageAccountType": "GRS"
            }
        }
    ]
}